Year,Date,Platform,Title,Link
2021,"July 13, 2021",WednesdaysForWater#,"Land conversion in Buxwaha to 'kill' forest, water system",https://www.counterview.net/2021/07/wednesdaysforwater-land-conversion-in.html
2021,"June 19, 2021",WednesdaysForWater#,"Pollution, climate change 'impacting' oceanic life, livelihood",https://www.counterview.net/2021/06/wednesdaysforwater-pollution-climate.html
2021,"June 12, 2021",IMPRI,Rural Gujarat was 'complacent' as second wave took urban cities by storm,https://www.counterview.net/2021/06/rural-gujarat-was-complacent-as-second.html
2021,June 2021,,Uncomfortable question: Is it a house of Narendra Modi or Prime Ministerial house?,https://www.counterview.net/2021/06/uncomfortable-question-is-it-house-of.html
2021,"May 28, 2021",Fridays with Future,"Unnoticed, underutilised? Fridays with Future: Registering youth voices, thoughts",https://www.counterview.net/2021/05/unnoticed-underutilised-fridays-with.html
2021,"May 15, 2021",,Uncomfortable query: Positivity in landscape of Heritage Architecture of Central Vista?,https://www.counterview.net/2021/05/uncomfortable-query-positivity-in.html
2021,"May 10, 2021",,"Uncomfortable question: More power to Centre, or empower States for Covid care?",https://www.counterview.net/2021/05/uncomfortable-question-more-power-to.html
2021,"April 24, 2021",,"Chhattisgarh’s Apra riverfront imitates Sabarmati: 'Devaluing' water, environment",https://www.counterview.net/2021/04/chhattisgarhs-apra-riverfront-imitates.html
2021,"April 15, 2021",,"Misuse of position: Will President, Supreme Court, Election Commission keep a check?",https://www.counterview.net/2021/04/misuse-of-position-will-president.html
2021,"April 9, 2021",,"When will Mother India have more of women as PM, home minister, other ministers?",https://www.counterview.net/2021/04/when-will-mother-india-have-more-of.html
2021,"March 26, 2021",,Where are the ‘values’ in India's private varsities that the 2 professors talk about?,https://www.counterview.net/2021/03/where-are-values-in-indias-private.html
2021,"Jan 29, 2021",With Sustainable Arch Students (CURAJ),Observations by Sustainable Architecture Students on Rajpath-Central Vista Avenue Project,https://counterview.org/2021/01/29/observations-by-sustainable-architecture-students-on-rajpath-central-vista-avenue-project/
2020,"Dec 4, 2020",With TERI-SAS Students,Lack of women representation reflects on patriarchal mindset (CII's water summit Open Letter),https://counterview.org/?s=mansee+bal+bhargava
2020,Oct 2020,SaciWATERs,Inputs on the Draft EIA 2020 from SaciWATERs (Open Letter to MoEFCC),https://www.indrastra.com/2020/08/OPEN-LETTER-Inputs-on-Draft-EIA-2020-by-SaciWATERs-006-08-2020-0018.html
2020,"Aug 1, 2020",SaciWATERs,Bihar flood with coming rains and continued COVID-19 pandemic,https://counterview.org/2020/08/01/bihar-flood-with-coming-rains-and-continued-covid-19-pandemic/
2020,"July 27, 2020",With Sherayu Wadekar,Life in vertical buildings in the Covid-lockdown times and otherwise is not good for sure,https://counterview.org/2020/07/27/life-in-vertical-buildings-in-the-covid-lockdown-times-and-otherwise-is-not-good-for-sure/
2020,"July 23, 2020",,Would Niti Ayog position for chief economist welcome woman leadership?,https://counterview.org/2020/07/23/would-niti-ayog-position-for-chief-economist-welcome-woman-leadership/
2020,"July 9, 2020",,Future of environment with future generation (Open Letter to MoEFCC),https://counterview.org/2020/07/09/future-of-environment-with-future-generation-open-letter-to-moefcc/
2020,"June 23, 2020",,"Distancing' taking us away from making of aspirational, new, smart India-III",https://www.counterview.net/2020/06/distancings-taking-us-away-from-making_23.html
2020,"June 8, 2020",,"Distancing' taking us away from making of aspirational, new, smart India-II",https://www.counterview.net/2020/06/distancings-taking-us-away-from-making.html
2020,"May 24, 2020",,"Distancing' taking us away from making of aspirational, new, smart India-I",https://www.counterview.net/2020/05/distancings-that-took-us-away-from.html
2020,"May 5, 2020",,Lockdown time is that 'Aahaa!' moment to reform teaching and learning architecture,https://www.counterview.net/2020/04/lockdown-time-is-that-aahaa-moment-to.html
2020,"April 25, 2020",,Safe return Prabhatji! My first encounter with a migrant worker enroute his village,https://www.counterview.net/2020/04/safe-return-prabhatji-my-first.html
2020,"April 12, 2020",,Using words as swords: Power of speech in the COVID time ... and otherwise,https://www.counterview.net/2020/04/using-words-as-swords-power-of-speech.html
2020,"March 22, 2020",,"Open Letter to friends, mentors: Coming together of class, communal, corona viruses 'scary'",https://www.counterview.net/2020/04/letter-to-friends-mentors-coming.html
2020,"Feb 15, 2020",,Shaheen Bagh 'verdict': Public space and public realm in the light of peoples’ protest,https://www.counterview.net/2020/02/shaheen-bagh-verdict-public-space-and.html
2019,May 2019,With Water Experts,Political will needed to effectively and efficiently conserve and manage water in India (Open Letter to MoEFCC),https://counterview.org/2019/04/11/political-will-needed-to-effectively-and-efficiently-conserve-and-manage-water-in-india/
2019,"July 24, 2019",CEPT University,The life cycle and the life of the urban lakes in India,https://youtu.be/HfYmJqr1gbg
2016,Nov 2016,Fulbright Lecture,Looking for A Language of Urban Lake Governance and Sustainability (US Universities Tour),
2016,June 2016,"RIHN Seminar, Kyoto",Opportunities and Challenges for Scholars to Engage in Environmental Governance in India,
2016,"June 29, 2016","IDE-JETRO, Japan",Assessment of Interactive Water Governance in India: A case of Anasagar Ajmer,
2013,Feb 2013,Birding Fair,People's perception on Mansagar Lake (Jaipur Birding Fair Magazine),
2010 - 2011,Sep 2010 - June 2011,Erasmus Magazine,"Column Writer: 10 Monthly Issues (Politics, Sustainability, Academic Scholars, and Institutionalisation)",
2008,"Dec 8, 2008",Times of India,We need a pragmatic policy for pedestrians (Ahmedabad Edition),
2007,Oct 2007,Mumbai Times / India Today,Redevelopment as a Safety Benefit: Old Housing Societies - Issues Related to Dissenting Members,
2001,Jan 2001,Architect & Builder,Open Spaces in the Urban System: Talavadis (Lakes) as Opportunity,
1999,July 1999,Vastu-Shilpa Foundation,"Conceptual Plan for Re-densification of Sector 22, Chandigarh (Published in Mansar)",
